_id/$oid,name,symbol,contractAddress,chain/$oid,logo,decimal,financialData/price,financialData/volume24h,financialData/volumeChange24h,financialData/percentChange1h,financialData/percentChange24h,financialData/percentChange7d,financialData/percentChange30d,financialData/percentChange60d,financialData/percentChange90d,financialData/marketCap,financialData/marketCapDominance,financialData/fullyDilutedMarketCap,financialData/lastUpdated/$date,live,createdAt/$date,updatedAt/$date,__v
623cd408ff3bd6deaeb3b9bf,Conjure,CNJ,0x00A55375002f3cDa400383F479e7Cd57Bad029A9,623c7bc416dc4a608cd24b00,https://s2.coinmarketcap.com/static/img/coins/64x64/12123.png,2,0,,,,,,,,,,,,2022-03-24T20:26:48.312Z,true,2022-03-24T20:26:48.393Z,2022-03-24T20:26:48.393Z,0
623e1d5fd02aba1aed362f99,Alchemix,ALCX,0xdbdb4d16eda451d0503b854cf79d55697f90c8df,623c7bc416dc4a608cd24b00,https://s2.coinmarketcap.com/static/img/coins/64x64/8613.png,18,107.11830477783992,23941033.29288571,98.6279,-2.59071713,2.32142785,9.30977353,-20.50368947,-29.94604254,-47.40542746,128138631.82634969,0.0064,167420018.86,2022-03-25T19:50:00Z,true,2022-03-25T19:51:59.218Z,2022-03-25T19:51:59.218Z,0
623e30db29f0a800b9b76b4b,Aavegotchi,GHST,0x3F382DbD960E3a9bbCeaE22651E88158d2791550,623c7bc416dc4a608cd24b00,https://s2.coinmarketcap.com/static/img/coins/64x64/7046.png,18,2.012771261108906,22229642.93208988,-26.2485,-0.0839251,-0.81904903,2.86166081,1.96809949,0.51513232,-15.60225555,125211404.21640775,0.0063,128762261.81,2022-03-25T21:13:00Z,true,2022-03-25T21:15:07.758Z,2022-03-25T21:15:07.758Z,0
623e30dd29f0a800b9b76b4d,Decentraland,MANA,0x0f5d2fb29fb7d3cfee444a200298f468908cc942,623c7bc416dc4a608cd24b00,https://s2.coinmarketcap.com/static/img/coins/64x64/1966.png,18,2.6046021849042966,462027472.1362607,-35.9028,0.08114252,-1.60651805,6.57703982,-0.74814829,25.01485821,-30.90464572,4794600324.779664,0.2399,5713784124.76,2022-03-25T21:13:00Z,true,2022-03-25T21:15:09.820Z,2022-03-25T21:15:09.820Z,0
623e30df29f0a800b9b76b4f,Magic Ethereum Money,MEM,0x343e59d9d835e35b07fe80f5bb544f8ed1cd3b11,623c7bc416dc4a608cd24b00,https://s2.coinmarketcap.com/static/img/coins/64x64/18249.png,18,0.000004969090568337708,97510.2757768,102.6711,-3.10799268,-1.08908046,-20.80117302,23.76757858,37.16541453,37.16541453,0,0,4969090.57,2022-03-25T21:13:00Z,true,2022-03-25T21:15:11.304Z,2022-03-25T21:15:11.304Z,0
623e30e129f0a800b9b76b51,Pickle Finance,PICKLE,0x429881672B9AE42b8EbA0E26cD9C73711b891Ca5,623c7bc416dc4a608cd24b00,https://s2.coinmarketcap.com/static/img/coins/64x64/7022.png,18,4.2836444232362885,736507.17732018,3.7986,-0.34501619,-2.93990673,8.50039718,-31.74655404,-32.32975651,-40.63553418,8173323.645322405,0,8191967.97,2022-03-25T21:13:00Z,true,2022-03-25T21:15:13.166Z,2022-03-25T21:15:13.166Z,0
623e30e229f0a800b9b76b53,Augur,REP,0x1985365e9f78359a9B6AD760e32412f4a445E862,623c7bc416dc4a608cd24b00,https://s2.coinmarketcap.com/static/img/coins/64x64/1104.png,18,14.607278228658382,10808674.7285229,-15.8025,0.29594838,-0.21113618,6.39796359,2.96874556,19.79960368,-30.84022628,160680060.5152422,0.008,160680060.52,2022-03-25T21:14:00Z,true,2022-03-25T21:15:14.625Z,2022-03-25T21:15:14.625Z,0
623e30e429f0a800b9b76b55,Synthetix,SNX,0xc011a73ee8576fb46f5e1c5751ca3b9fe0af2a6f,623c7bc416dc4a608cd24b00,https://s2.coinmarketcap.com/static/img/coins/64x64/2586.png,18,5.0750152330535645,99378049.10963742,-32.5275,0.50460743,-3.29956485,-0.09359911,30.58052973,21.25227222,-13.18968748,582822529.4230187,0.0292,1078055710.84,2022-03-25T21:14:00Z,false,2022-03-25T21:15:16.412Z,2022-03-25T21:15:16.412Z,0
623fb4705d68f16a7b80d16f,1inch Network,1INCH,0x111111111117dc0aa78b770fa6a738034120c302,623c7bc416dc4a608cd24b00,https://s2.coinmarketcap.com/static/img/coins/64x64/8104.png,18,1.646733340983319,66087236.55299664,-15.3814,0.98959476,4.19383907,0.11468957,22.98245737,3.05945404,-40.22154307,681381658.799528,0.0338,2470100011.47,2022-03-27T00:47:00Z,false,2022-03-27T00:48:48.887Z,2022-03-27T00:48:48.887Z,0
623fc1f017f99988906aa299,Multichain,MULTI,0x65ef703f5594d2573eb71aaf55bc0cb548492df4,623c7bc416dc4a608cd24b00,https://s2.coinmarketcap.com/static/img/coins/64x64/17050.png,18,12.489020831215786,436127.9705425,-92.7927,0.13967912,-0.76516072,36.42491521,-0.26599196,-39.32413678,-29.01401632,0,0,1248902083.12,2022-03-27T01:45:00Z,false,2022-03-27T01:46:24.287Z,2022-03-27T01:46:24.287Z,0
623fc39117f99988906aa29d,Uniswap,UNI,0x1f9840a85d5af5bf1d1762f925bdaddc4201f984,623c7bc416dc4a608cd24b00,https://s2.coinmarketcap.com/static/img/coins/64x64/7083.png,18,10.739393896160934,151963535.3659591,-41.9995,0.89376254,1.74530079,12.54538279,20.49299477,1.81593363,-43.27341775,7399503306.152232,0.3666,10739393896.16,2022-03-27T01:52:00Z,false,2022-03-27T01:53:21.459Z,2022-03-27T01:53:21.459Z,0
623fc39617f99988906aa2a0,0x,ZRX,0xe41d2489571d322189246dafa5ebde1f4699f498,623c7bc416dc4a608cd24b00,https://s2.coinmarketcap.com/static/img/coins/64x64/1896.png,18,0.8129670020381775,239491614.98072013,631.3376,25.17980486,39.83067257,50.70079482,59.44885055,55.36183566,-7.84435243,688986326.912192,0.0341,812967002.04,2022-03-27T01:52:00Z,false,2022-03-27T01:53:26.788Z,2022-03-27T01:53:26.788Z,0
623fc39c17f99988906aa2a3,Serum,SRM,0x476c5e26a75bd202a9683ffd34359c0cc15be0ff,623c7bc416dc4a608cd24b00,https://s2.coinmarketcap.com/static/img/coins/64x64/6187.png,18,2.9366678660760073,140575543.76162407,-57.2691,-0.82994704,-3.07026774,3.48431486,59.68403503,39.84833723,-27.23055775,391257490.0027759,0.0194,29839482187.2,2022-03-27T01:52:00Z,false,2022-03-27T01:53:32.596Z,2022-03-27T01:53:32.596Z,0
623fc39e17f99988906aa2a6,IoTeX,IOTX,0x6fb3e0a217407efff7ca062d46c26e5d60a14d69,623c7bc416dc4a608cd24b00,https://s2.coinmarketcap.com/static/img/coins/64x64/2777.png,18,0.09119615087328001,35264535.54591545,-41.9639,-0.58512935,2.6100431,14.74636781,28.18792589,27.3216223,-35.53452422,870082350.708252,0.0431,911961508.73,2022-03-27T01:52:00Z,false,2022-03-27T01:53:34.894Z,2022-03-27T01:53:34.894Z,0
623fc3a217f99988906aa2a9,Dego Finance,DEGO,0x88ef27e69108b2633f8e1c184cc37940a075cc02,623c7bc416dc4a608cd24b00,https://s2.coinmarketcap.com/static/img/coins/64x64/7087.png,18,3.315199355053813,16322509.67791119,4.7469,0.08715254,4.62717482,11.58659762,23.94519576,-6.47195416,-52.59879928,28535190.570301153,0,69619186.46,2022-03-27T01:52:00Z,false,2022-03-27T01:53:38.255Z,2022-03-27T01:53:38.255Z,0
623fc3a317f99988906aa2ac,Illuvium,ILV,0x767fe9edc9e0df98e07454847909b5e959d7ca0e,623c7bc416dc4a608cd24b00,https://s2.coinmarketcap.com/static/img/coins/64x64/8719.png,18,592.61686391292,16223620.46369312,-40.4368,0.17649451,2.74710186,4.68682615,13.21595011,3.63548567,-48.62726757,385607566.774811,0.0191,5926168639.13,2022-03-27T01:52:00Z,false,2022-03-27T01:53:40.001Z,2022-03-27T01:53:40.001Z,0
623fc3a617f99988906aa2af,Impossible Finance,IF,0xb0e1fc65c1a741b4662b813eb787d369b8614af1,623c7bc416dc4a608cd24b00,https://s2.coinmarketcap.com/static/img/coins/64x64/10932.png,18,0.5457210656697796,698.04274734,-90.1905,0.77473638,0.40993706,16.24834087,15.2434369,-18.39984169,-55.43289833,3274687.1156430854,0,11460142.38,2022-03-27T01:52:00Z,false,2022-03-27T01:53:42.262Z,2022-03-27T01:53:42.262Z,0
623fc3a917f99988906aa2b2,Braintrust,BTRST,0x799ebfabe77a6e34311eeee9825190b9ece32824,623c7bc416dc4a608cd24b00,https://s2.coinmarketcap.com/static/img/coins/64x64/11584.png,18,3.268603813753301,2595025.8495862,-2.0674,-0.03971039,-0.3605517,-3.25736715,10.80933192,-5.84852348,-11.12225944,291227752.4659633,0.0144,817150953.44,2022-03-27T01:52:00Z,false,2022-03-27T01:53:45.575Z,2022-03-27T01:53:45.575Z,0
623fc3ac17f99988906aa2b5,Origin Protocol,OGN,0x8207c1ffc5b6804f6024322ccf34f29c3541ae26,623c7bc416dc4a608cd24b00,https://s2.coinmarketcap.com/static/img/coins/64x64/5117.png,18,0.6156808557322242,150446442.666286,-4.2646,0.69683435,1.21093116,-13.06475893,123.36593916,91.97823569,-16.22933685,239235561.1227244,0.0119,615680855.73,2022-03-27T01:52:00Z,false,2022-03-27T01:53:48.655Z,2022-03-27T01:53:48.655Z,0
623fc3af17f99988906aa2b8,Ren,REN,0x408e41876cccdc0f92210600ef50372656052a38,623c7bc416dc4a608cd24b00,https://s2.coinmarketcap.com/static/img/coins/64x64/2539.png,18,0.4038768793787733,31171702.6262061,-19.3939,2.55112812,8.4737149,12.52111501,38.40949904,30.76237716,-38.01043734,403488148.0285292,0.02,403876879.38,2022-03-27T01:52:00Z,false,2022-03-27T01:53:51.970Z,2022-03-27T01:53:51.970Z,0
623fc3b217f99988906aa2bb,Ethereum Push Notification Service,PUSH,0xf418588522d5dd018b425E472991E52EBBeEEEEE,623c7bc416dc4a608cd24b00,https://s2.coinmarketcap.com/static/img/coins/64x64/9111.png,18,1.1938117187278106,1509533.65582299,-7.6096,0.13718975,-2.51403038,5.37131317,17.46222463,-10.77339734,-43.63892142,18250905.21384358,0,119381171.87,2022-03-27T01:52:00Z,false,2022-03-27T01:53:54.225Z,2022-03-27T01:53:54.225Z,0
623fc3b817f99988906aa2be,SKALE Network,SKL,0x00c83aecc790e8a4453e5dd3b0b4b3680501a7a7,623c7bc416dc4a608cd24b00,https://s2.coinmarketcap.com/static/img/coins/64x64/5691.png,18,0.16694923217585425,107278554.1776778,273.0587,-2.85937092,19.52611905,28.56956544,37.19450685,46.63781696,-29.84956926,541767092.7364734,0.0268,1168644625.23,2022-03-27T01:52:00Z,false,2022-03-27T01:54:00.542Z,2022-03-27T01:54:00.542Z,0
623fc3ba17f99988906aa2c1,Quantstamp,QSP,0x99ea4db9ee77acd40b119bd1dc4e33e1c070b80d,623c7bc416dc4a608cd24b00,https://s2.coinmarketcap.com/static/img/coins/64x64/2212.png,18,0.06930643803542881,3802309.52760472,-62.6434,1.78810268,1.40239215,54.85351498,50.1027498,185.32366051,57.09873525,49471070.38885554,0.0025,67673743.88,2022-03-27T01:52:00Z,false,2022-03-27T01:54:02.806Z,2022-03-27T01:54:02.806Z,0
623fc3bd17f99988906aa2c4,Wilder World,WILD,0x2a3bff78b79a009976eea096a51a948a3dc00e34,623c7bc416dc4a608cd24b00,https://s2.coinmarketcap.com/static/img/coins/64x64/9674.png,18,1.2014838703386894,3964950.02708425,49.604,-0.16680416,-0.77986723,-3.65817321,-23.2447541,-30.38472089,-69.84422286,100544135.37096591,0,600741935.17,2022-03-27T01:52:00Z,false,2022-03-27T01:54:05.459Z,2022-03-27T01:54:05.459Z,0
623fc3c117f99988906aa2c7,Magic Internet Money,MIM,0x99d8a9c45b2eca8864373a26d1459e3dff1e17f3,623c7bc416dc4a608cd24b00,https://s2.coinmarketcap.com/static/img/coins/64x64/162.png,18,0.9895586762703973,16883095.10435916,-80.9202,0.03726947,0.20560989,-0.81982426,-0.75365113,-0.91860735,-1.05740381,0,0.0948,1913165450.72,2022-03-27T01:52:00Z,false,2022-03-27T01:54:09.550Z,2022-03-27T01:54:09.550Z,0
623fc3c517f99988906aa2ca,Akropolis,AKRO,0x8ab7404063ec4dbcfd4598215992dc3f8ec853d7,623c7bc416dc4a608cd24b00,https://s2.coinmarketcap.com/static/img/coins/64x64/4134.png,18,0.013057907665906048,6075246.67639826,-38.0922,0.57096869,6.68849487,8.00760959,6.49113966,5.64057686,-49.04602899,50202280.830285005,0.0025,52231630.66,2022-03-27T01:52:00Z,false,2022-03-27T01:54:13.700Z,2022-03-27T01:54:13.700Z,0
623fc3c717f99988906aa2cd,UMA,UMA,0x04Fa0d235C4abf4BcF4787aF4CF447DE572eF828,623c7bc416dc4a608cd24b00,https://s2.coinmarketcap.com/static/img/coins/64x64/5617.png,18,7.787400193252948,102053172.91271459,99.261,-0.07320569,2.41271316,1.97416569,63.56925566,33.73873048,-25.76074184,509951786.0224354,0.0253,787871291.17,2022-03-27T01:53:00Z,false,2022-03-27T01:54:15.969Z,2022-03-27T01:54:15.969Z,0
623fc3ca17f99988906aa2d0,Covalent,CQT,0xD417144312DbF50465b1C641d016962017Ef6240,623c7bc416dc4a608cd24b00,https://s2.coinmarketcap.com/static/img/coins/64x64/7411.png,18,0.36433166335207035,4426069.440857,-26.2003,-0.09282163,-3.3480453,8.11782131,10.80084458,-6.59265943,-40.30204718,92847370.20225884,0.0046,364331663.35,2022-03-27T01:53:00Z,false,2022-03-27T01:54:18.757Z,2022-03-27T01:54:18.757Z,0
623fc3cc17f99988906aa2d3,DIA,DIA,0x84ca8bc7997272c7cfb4d0cd3d55cd942b3c9419,623c7bc416dc4a608cd24b00,https://s2.coinmarketcap.com/static/img/coins/64x64/6138.png,18,1.0340519909008152,8199765.21006938,-16.5837,2.12333057,4.90888527,9.16542919,0.77653297,-0.33259356,-28.07514584,68198116.42595576,0.0034,206810398.18,2022-03-27T01:53:00Z,false,2022-03-27T01:54:20.868Z,2022-03-27T01:54:20.868Z,0
623fc3cf17f99988906aa2d6,TRVL,TRVL,0xd47bdf574b4f76210ed503e0efe81b58aa061f3d,623c7bc416dc4a608cd24b00,https://s2.coinmarketcap.com/static/img/coins/64x64/14336.png,18,0.11606006343892081,160577.6111484,-63.9113,-0.02145087,1.49365065,19.92405493,-5.15286653,-41.39001596,-69.82402311,0,0,116060063.44,2022-03-27T01:53:00Z,false,2022-03-27T01:54:23.545Z,2022-03-27T01:54:23.545Z,0
623fc3d117f99988906aa2d9,The Doge NFT,DOG,0xbaac2b4491727d78d2b78815144570b9f2fe8899,623c7bc416dc4a608cd24b00,https://s2.coinmarketcap.com/static/img/coins/64x64/11557.png,18,0.004609806083271051,6293656.67378085,5906.2637,0.29597198,58.93711253,82.21404111,40.68280079,55.36533842,-36.91883895,0,0,78227012.32,2022-03-27T01:53:00Z,false,2022-03-27T01:54:25.633Z,2022-03-27T01:54:25.633Z,0
623fc3d317f99988906aa2dc,Global Coin Research,GCR,0x6307b25a665efc992ec1c1bc403c38f3ddd7c661,623c7bc416dc4a608cd24b00,https://s2.coinmarketcap.com/static/img/coins/64x64/11496.png,18,4.35341238397068,23449.27270754,0,0.00159492,-0.81437131,-1.06205224,3.28912438,81.23946318,124.5443856,17413649.53588272,0,43534123.84,2022-03-27T01:53:00Z,false,2022-03-27T01:54:27.728Z,2022-03-27T01:54:27.728Z,0
623fc3d817f99988906aa2e0,Friends With Benefits Pro,FWB,0x35bd01fc9d6d5d81ca9e055db88dc49aa2c699a8,623c7bc416dc4a608cd24b00,https://s2.coinmarketcap.com/static/img/coins/64x64/10090.png,18,60.31077006352082,53830.10985958,-23.2101,0.26720832,2.33708684,6.51646819,36.23478349,32.30322866,-19.09337116,0,0,60310770.06,2022-03-27T01:53:00Z,false,2022-03-27T01:54:32.795Z,2022-03-27T01:54:32.795Z,0
623fc3dd17f99988906aa2e4,BitDAO,BIT,0x1A4b46696b2bB4794Eb3D4c26f1c55F9170fa4C5,623c7bc416dc4a608cd24b00,https://s2.coinmarketcap.com/static/img/coins/64x64/11221.png,18,1.235937578896803,22286345.92310438,-45.5473,-0.110241,1.05934015,9.75291629,-0.71162627,-18.03582389,-34.06004046,724604177.1974177,0,12359375788.97,2022-03-27T01:53:00Z,false,2022-03-27T01:54:37.046Z,2022-03-27T01:54:37.046Z,0
623fc3df17f99988906aa2e7,Sarcophagus,SARCO,0x7697b462a7c4ff5f8b55bdbc2f4076c2af9cf51a,623c7bc416dc4a608cd24b00,https://s2.coinmarketcap.com/static/img/coins/64x64/10348.png,18,0.6316885165045828,5779.97171634,-78.0022,0.81298899,1.45440226,38.92048076,22.12920086,-16.97442079,-37.05701146,9887332.037476746,0,63168851.65,2022-03-27T01:53:00Z,false,2022-03-27T01:54:39.861Z,2022-03-27T01:54:39.861Z,0
623fc3e217f99988906aa2eb,DODO,DODO,0x43dfc4159d86f3a37a5a4b3d4580b888ad7d4ddd,623c7bc416dc4a608cd24b00,https://s2.coinmarketcap.com/static/img/coins/64x64/7224.png,18,0.44805530020478496,26094938.6631064,-12.8976,0.10513553,2.69686604,4.0322519,5.36435837,-10.09466942,-55.42512086,49533393.866303876,0.0025,448055300.2,2022-03-27T01:53:00Z,false,2022-03-27T01:54:42.833Z,2022-03-27T01:54:42.833Z,0
623fc3e417f99988906aa2ee,Balancer,BAL,0xba100000625a3754423978a60c9317c58a424e3D,623c7bc416dc4a608cd24b00,https://s2.coinmarketcap.com/static/img/coins/64x64/5728.png,18,12.95169721991977,12386172.27792318,-31.4931,0.31610829,2.84131669,4.38994137,8.88478216,8.20766613,-29.14520662,89934396.65829273,0.0045,1295169721.99,2022-03-27T01:53:00Z,false,2022-03-27T01:54:44.560Z,2022-03-27T01:54:44.560Z,0
623fc3e917f99988906aa2f3,Polymath,POLY,0x9992ec3cf6a55b00978cddf2b27bc6882d88d1ec,623c7bc416dc4a608cd24b00,https://s2.coinmarketcap.com/static/img/coins/64x64/2496.png,18,0.4596170905377956,26795343.72598557,45.1485,0.60945442,7.18333656,9.25451918,29.69167397,27.61603119,-15.63626914,412989318.0332477,0.0205,459617090.54,2022-03-27T01:53:00Z,false,2022-03-27T01:54:49.951Z,2022-03-27T01:54:49.951Z,0
623fc3ec17f99988906aa2f6,Gods Unchained,GODS,0xccc8cb5229b0ac8069c51fd58367fd1e622afd97,623c7bc416dc4a608cd24b00,https://s2.coinmarketcap.com/static/img/coins/64x64/10631.png,18,1.4257920163409898,6756335.33757908,-46.3161,-0.30486585,-0.25038236,17.88664221,24.60748696,-37.18446323,-72.22212441,33735257.12212749,0,712896008.17,2022-03-27T01:53:00Z,false,2022-03-27T01:54:52.683Z,2022-03-27T01:54:52.683Z,0
623fc3ee17f99988906aa2f9,Request,REQ,0x8f8221afbb33998d8584a2b05749ba73c37a938a,623c7bc416dc4a608cd24b00,https://s2.coinmarketcap.com/static/img/coins/64x64/2071.png,18,0.2658862725364094,29124384.70378248,-71.4781,0.84155472,-1.2064934,21.96142651,26.6945786,16.83133936,-31.52873097,265853304.768872,0.0132,265853599.63,2022-03-27T01:53:00Z,false,2022-03-27T01:54:54.801Z,2022-03-27T01:54:54.801Z,0
623fc3f117f99988906aa2fc,Occam.Fi,OCC,0x2f109021afe75b949429fe30523ee7c0d5b27207,623c7bc416dc4a608cd24b00,https://s2.coinmarketcap.com/static/img/coins/64x64/9191.png,18,1.744632632018225,3469418.13311363,232.7742,-1.28626757,36.15738133,141.11940765,61.76150445,15.72141174,-42.78515039,0,0,173590946.89,2022-03-27T01:53:00Z,false,2022-03-27T01:54:57.035Z,2022-03-27T01:54:57.035Z,0
623fc3f317f99988906aa2ff,Zoracles,ZORA,0xD8E3FB3b08eBA982F2754988d70D57eDc0055ae6,623c7bc416dc4a608cd24b00,https://s2.coinmarketcap.com/static/img/coins/64x64/7826.png,18,57.86819605485119,2008.13043025,114.3741,0.26890092,-1.85688913,-0.36227304,-18.62355739,-46.69230276,-86.35237956,316133.95504765207,0,578681.96,2022-03-27T01:53:00Z,false,2022-03-27T01:54:59.324Z,2022-03-27T01:54:59.324Z,0
623fc3f517f99988906aa302,Rari Governance Token,RGT,0xd291e7a03283640fdc51b121ac401383a46cc623,623c7bc416dc4a608cd24b00,https://s2.coinmarketcap.com/static/img/coins/64x64/7486.png,18,15.282294629729947,3398948.61171596,-10.8945,0.13687255,0.29059008,-0.27593469,-17.38891705,-27.90204863,-45.97375221,185918886.48595524,0.0092,190800181.92,2022-03-27T01:53:00Z,false,2022-03-27T01:55:01.428Z,2022-03-27T01:55:01.428Z,0
623fc3f717f99988906aa305,CUDOS,CUDOS,0x817bbDbC3e8A1204f3691d14bB44992841e3dB35,623c7bc416dc4a608cd24b00,https://s2.coinmarketcap.com/static/img/coins/64x64/8258.png,18,0.02688528266982294,456858.53738598,24.1098,1.96120177,19.6188797,35.66419173,17.89025841,5.2261373,-26.77239675,76444753.28847474,0,268852826.7,2022-03-27T01:53:00Z,false,2022-03-27T01:55:03.701Z,2022-03-27T01:55:03.701Z,0
623fc3fb17f99988906aa309,NAOS Finance,NAOS,0x4a615bb7166210cce20e6642a6f8fb5d4d044496,623c7bc416dc4a608cd24b00,https://s2.coinmarketcap.com/static/img/coins/64x64/9504.png,18,0.16722664913701618,229075.36048741,-1.5035,3.60830768,4.43271323,10.90180083,-6.06642148,-37.57766433,-62.45507889,0,0,50167994.74,2022-03-27T01:53:00Z,false,2022-03-27T01:55:07.251Z,2022-03-27T01:55:07.251Z,0
623fc3fd17f99988906aa30c,Zerogoki,REI,0x011864d37035439e078d64630777ec518138af05,623c7bc416dc4a608cd24b00,https://s2.coinmarketcap.com/static/img/coins/64x64/10844.png,18,0.06979947562960832,0,0,0.0792122,0.5034188,-5.20365878,67.97830375,-39.13935823,-34.7273327,0,0,2871734.14,2022-03-27T01:53:00Z,false,2022-03-27T01:55:09.540Z,2022-03-27T01:55:09.540Z,0
623fc40017f99988906aa30f,Mirror Protocol,MIR,0x09a3EcAFa817268f77BE1283176B946C4ff2E608,623c7bc416dc4a608cd24b00,https://s2.coinmarketcap.com/static/img/coins/64x64/7857.png,18,1.6354714873970564,26915548.55991115,-5.0112,0.6784322,1.85318697,-3.45724916,53.82274274,36.7993324,-39.69776856,127145936.38342762,0.0063,606064846.44,2022-03-27T01:53:00Z,false,2022-03-27T01:55:12.321Z,2022-03-27T01:55:12.321Z,0
623fc40317f99988906aa312,Rally,RLY,0xf1f955016EcbCd7321c7266BccFB96c68ea5E49b,623c7bc416dc4a608cd24b00,https://s2.coinmarketcap.com/static/img/coins/64x64/8075.png,18,0.207631492437933,4238836.30860461,11.2601,-0.01186082,1.47950183,5.05059644,-4.75431039,-4.13221389,-45.21398754,538211873.4463112,0.0267,3114472386.57,2022-03-27T01:54:00Z,false,2022-03-27T01:55:15.856Z,2022-03-27T01:55:15.856Z,0
623fc40617f99988906aa315,Enzyme,MLN,0xec67005c4e498ec7f55e092bd1d35cbc47c91892,623c7bc416dc4a608cd24b00,https://s2.coinmarketcap.com/static/img/coins/64x64/1552.png,18,58.753766821305085,5517266.12597564,4.8302,-0.55447684,1.78180787,-0.22207235,17.9755788,10.94183733,-32.43472598,122988831.38587342,0.0061,107192564.83,2022-03-27T01:54:00Z,false,2022-03-27T01:55:18.678Z,2022-03-27T01:55:18.678Z,0
623fc40a17f99988906aa318,HOPR,HOPR,0xf5581dfefd8fb0e4aec526be659cfab1f8c781da,623c7bc416dc4a608cd24b00,https://s2.coinmarketcap.com/static/img/coins/64x64/6520.png,18,0.16258520185779693,379664.91709799,-7.3721,-0.16032341,-0.28776036,-0.88527541,-19.67809479,-21.60577058,-30.19325008,27119836.348239698,0,162585201.86,2022-03-27T01:54:00Z,false,2022-03-27T01:55:22.001Z,2022-03-27T01:55:22.001Z,0
623fc40e17f99988906aa31c,Tornado Cash,TORN,0x77777feddddffc19ff86db637967013e6c6a116c,623c7bc416dc4a608cd24b00,https://s2.coinmarketcap.com/static/img/coins/64x64/8049.png,18,45.82054670421894,9874350.03050456,-37.6537,-0.0488662,1.8431009,0.71839017,46.60310791,119.04057602,10.68617065,50393194.81582108,0,458205467.04,2022-03-27T01:54:00Z,false,2022-03-27T01:55:26.007Z,2022-03-27T01:55:26.007Z,0
623fc41517f99988906aa320,mStable Governance Token: Meta (MTA),MTA,0xa3BeD4E1c75D00fa6f4E5E6922DB7261B5E9AcD2,623c7bc416dc4a608cd24b00,https://s2.coinmarketcap.com/static/img/coins/64x64/5748.png,18,0.4197754388130441,1259572.47077319,22.4646,0.60912371,-0.81690014,-0.38740435,-29.17709046,-37.5715742,-48.68536609,7277455.166551998,0,41975547.68,2022-03-27T01:54:00Z,false,2022-03-27T01:55:33.266Z,2022-03-27T01:55:33.266Z,0
623fc41917f99988906aa323,Frax,FRAX,0x853d955acef822db058eb8505911ed77f175b99e,623c7bc416dc4a608cd24b00,https://s2.coinmarketcap.com/static/img/coins/64x64/6952.png,18,0.9992309877266504,24435128.2236717,-24.908,-0.0161531,0.19188005,0.20316043,-0.21501907,0.00780992,-0.06212053,2789444835.8008313,0,2789444835.8,2022-03-27T01:54:00Z,false,2022-03-27T01:55:37.035Z,2022-03-27T01:55:37.035Z,0
623fc42017f99988906aa327,Ribbon Finance,RBN,0x6123b0049f904d730db3c36a31167d9d4121fa6b,623c7bc416dc4a608cd24b00,https://s2.coinmarketcap.com/static/img/coins/64x64/12387.png,18,1.3994836236409556,3325977.59182721,4.6434,-0.56745162,2.53034706,39.65188711,19.88259008,-14.9203962,-30.53580272,72811332.58127323,0,1399483623.64,2022-03-27T01:54:00Z,false,2022-03-27T01:55:44.561Z,2022-03-27T01:55:44.561Z,0
623fc42217f99988906aa32a,DeepCloud AI,DEEP,0x6cbedec4f1ac9d874987d2769596544e0d9161ab,623c7bc416dc4a608cd24b00,https://s2.coinmarketcap.com/static/img/coins/64x64/4251.png,18,0.0007062746207752702,687.13884517,211.1845,0.70734161,0.56904634,-16.16255369,-44.72282978,-63.8984463,-70.3066545,0,0,141254.92,2022-03-27T01:54:00Z,false,2022-03-27T01:55:46.799Z,2022-03-27T01:55:46.799Z,0
623fc42817f99988906aa32d,Jarvis Network,JRT,0x8a9c67fee641579deba04928c4bc45f66e26343a,623c7bc416dc4a608cd24b00,https://s2.coinmarketcap.com/static/img/coins/64x64/5187.png,18,0.03927096230544664,236758.4703864,-15.2086,-0.34983559,2.95844601,-6.19614023,-18.06219023,-23.77671261,-30.83169924,1139088.8275503018,0,8869799.29,2022-03-27T01:54:00Z,false,2022-03-27T01:55:52.526Z,2022-03-27T01:55:52.526Z,0
623fc42b17f99988906aa330,Perpetual Protocol,PERP,0xbc396689893d065f41bc2c6ecbee5e0085233447,623c7bc416dc4a608cd24b00,https://s2.coinmarketcap.com/static/img/coins/64x64/6950.png,18,4.880325149412461,24221570.83080232,-9.6493,-0.15105543,1.1525427,18.59872707,0.00070782,-16.31042207,-48.76528438,363462215.502493,0.018,732048772.41,2022-03-27T01:54:00Z,false,2022-03-27T01:55:55.324Z,2022-03-27T01:55:55.324Z,0
623fc42d17f99988906aa333,Burp,BURP,0x33f391f4c4fe802b70b77ae37670037a92114a7c,623c7bc416dc4a608cd24b00,https://s2.coinmarketcap.com/static/img/coins/64x64/10713.png,18,0.0262569722746354,79232.91633868,-74.5227,0.15867854,-2.69166721,-1.53524512,2.80429388,1.42688788,-53.53828627,0,0,13128486.14,2022-03-27T01:54:00Z,false,2022-03-27T01:55:57.622Z,2022-03-27T01:55:57.622Z,0
623fc43517f99988906aa337,EnterDAO,ENTR,0xd779eea9936b4e323cddff2529eb6f13d0a4d66e,623c7bc416dc4a608cd24b00,https://s2.coinmarketcap.com/static/img/coins/64x64/12228.png,18,0.2948269138101812,91460.03617596,-32.4955,-0.25211199,-5.48447764,-32.80392687,-46.3131795,-63.13230733,-63.50345361,0,0,29482691.38,2022-03-27T01:54:00Z,false,2022-03-27T01:56:05.190Z,2022-03-27T01:56:05.190Z,0
623fc43917f99988906aa33c,Tempus,TEMP,0xA36FDBBAE3c9d55a1d67EE5821d53B50B63A1aB9,623c7bc416dc4a608cd24b00,https://s2.coinmarketcap.com/static/img/coins/64x64/14089.png,18,0.11901942701722745,94797.71344108,-5.3886,-0.05099483,2.60754585,1.62123897,0.158484,-4.58055575,-32.47266553,0,0,119019427.02,2022-03-27T01:54:00Z,false,2022-03-27T01:56:09.196Z,2022-03-27T01:56:09.196Z,0
623fc43b17f99988906aa33f,Kleros,PNK,0x93ed3fbe21207ec2e8f2d3c3de6e058cb73bc04d,623c7bc416dc4a608cd24b00,https://s2.coinmarketcap.com/static/img/coins/64x64/3581.png,18,0.08998261070665586,483692.61513568,-35.2768,0.37172148,0.93089735,6.25299908,18.02330317,14.32592209,-19.7543651,56015007.76902677,0.0028,68803107.04,2022-03-27T01:54:00Z,false,2022-03-27T01:56:11.459Z,2022-03-27T01:56:11.459Z,0
623fc43d17f99988906aa342,Decentral Games,DG,0x4b520c812e8430659fc9f12f6d0c39026c83588d,623c7bc416dc4a608cd24b00,https://s2.coinmarketcap.com/static/img/coins/64x64/15478.png,18,0.332141427733235,1092030.14130738,20.0652,0.14375874,-0.965231,-6.43953722,-0.97663471,6.24748927,-10.64148692,155687768.57365626,0,332141427.73,2022-03-27T01:54:00Z,false,2022-03-27T01:56:13.178Z,2022-03-27T01:56:13.178Z,0
623fc44017f99988906aa345,Flesh Token,FLESH,0x25d4BFeeaE3360E68C466c65A5E8f8D5CEBc5093,623c7bc416dc4a608cd24b00,https://s2.coinmarketcap.com/static/img/coins/64x64/14474.png,18,0.004965339109780714,0,0,0.26898009,1.53727161,13.2721002,63.88898299,-37.68564993,-84.2441054,0,0,2923740.63,2022-03-27T01:55:00Z,false,2022-03-27T01:56:16.158Z,2022-03-27T01:56:16.158Z,0
623fc44217f99988906aa348,ParaSwap,PSP,0xcafe001067cdef266afb7eb5a286dcfd277f3de5,623c7bc416dc4a608cd24b00,https://s2.coinmarketcap.com/static/img/coins/64x64/14534.png,18,0.15023775038255346,887469.25440595,19.2578,-0.04084035,20.61986807,104.37175727,43.53075979,-0.36784443,-67.3508549,10950979.863134705,0,300475500.77,2022-03-27T01:55:00Z,false,2022-03-27T01:56:18.411Z,2022-03-27T01:56:18.411Z,0
623fc44417f99988906aa34b,LeagueDAO,LEAG,0x7b39917f9562c8bc83c7a6c2950ff571375d505d,623c7bc416dc4a608cd24b00,https://s2.coinmarketcap.com/static/img/coins/64x64/14131.png,18,0.006977692028370086,8450.69135283,13.4647,-0.0041249,-2.9653991,-19.23186284,-50.75750158,-62.41091876,-73.20438052,0,0,6977692.03,2022-03-27T01:55:00Z,false,2022-03-27T01:56:20.147Z,2022-03-27T01:56:20.147Z,0
623fc44617f99988906aa34e,PieDAO DOUGH v2,DOUGH,0xad32A8e6220741182940c5aBF610bDE99E737b2D,623c7bc416dc4a608cd24b00,https://s2.coinmarketcap.com/static/img/coins/64x64/7284.png,18,0.24104929270968886,125645.34167554,-9.5619,0.14807004,9.47681782,15.05627734,14.1515564,4.50653546,-46.39499309,3563346.2762813806,0,21010337.6,2022-03-27T01:55:00Z,false,2022-03-27T01:56:22.186Z,2022-03-27T01:56:22.186Z,0
623fc44817f99988906aa351,Unlock Protocol,UDT,0x90de74265a416e1393a450752175aed98fe11517,623c7bc416dc4a608cd24b00,https://s2.coinmarketcap.com/static/img/coins/64x64/9364.png,18,41.3793184884962,25101.46132266,-17.1656,0.28531148,-7.34528717,-0.89935287,-17.11721672,-36.52383837,-51.44337611,0,0,41379318.49,2022-03-27T01:55:00Z,false,2022-03-27T01:56:24.261Z,2022-03-27T01:56:24.261Z,0
623fc44e17f99988906aa356,Float Protocol (Bank),BANK,0x24a6a37576377f63f194caa5f518a60f45b42921,623c7bc416dc4a608cd24b00,https://s2.coinmarketcap.com/static/img/coins/64x64/8612.png,18,20.370533609549796,117804.11672552,-7.0791,1.17675823,-0.09333503,7.30327888,7.2463042,-14.32048842,-73.26007206,3044495.807296435,0,3675850.71,2022-03-27T01:55:00Z,false,2022-03-27T01:56:30.062Z,2022-03-27T01:56:30.062Z,0
623fc44f17f99988906aa359,SpookySwap,BOO,0x55af5865807b196bd0197e0902746f31fbccfa58,623c7bc416dc4a608cd24b00,https://s2.coinmarketcap.com/static/img/coins/64x64/9608.png,18,13.999245867584198,5152613.09680746,30.7361,0.28143046,-0.57940046,-0.55355588,-26.89460187,-54.76829778,-35.33599619,0,0,191313694.03,2022-03-27T01:55:00Z,false,2022-03-27T01:56:31.794Z,2022-03-27T01:56:31.794Z,0
623fc45117f99988906aa35c,KNL Ecosystem,KNLC,0x5ba4d3e350acf0ca8d27a1052e55609998bef947,623c7bc416dc4a608cd24b00,https://s2.coinmarketcap.com/static/img/coins/64x64/5129.png,18,0,,,,,,,,,,,,2022-03-27T01:56:33.715Z,false,2022-03-27T01:56:33.829Z,2022-03-27T01:56:33.829Z,0
623fc45517f99988906aa360,CWallet,CW,0xd55236d48606c295adebf129dad04fc74bfaa708,623c7bc416dc4a608cd24b00,https://s2.coinmarketcap.com/static/img/coins/64x64/11314.png,18,0.03460799740162452,3309.45068326,442.349,0.00023091,2.36673969,-8.37835257,7.65432846,-40.30940268,-64.36982018,0,0,0,2022-03-27T01:55:00Z,false,2022-03-27T01:56:37.528Z,2022-03-27T01:56:37.528Z,0
623fc46017f99988906aa365,DFX Finance,DFX,0x888888435fde8e7d4c54cab67f206e4199454c60,623c7bc416dc4a608cd24b00,https://s2.coinmarketcap.com/static/img/coins/64x64/8666.png,18,0.37883095082530543,80368.25816544,-8.5552,0.4258493,5.87705002,3.76941868,-2.95275382,-39.02581917,-71.57106136,0,0,37883095.08,2022-03-27T01:55:00Z,false,2022-03-27T01:56:48.048Z,2022-03-27T01:56:48.048Z,0
623fc46217f99988906aa368,BlockchainSpace,GUILD,0x83e9f223e1edb3486f876ee888d76bfba26c475a,623c7bc416dc4a608cd24b00,https://s2.coinmarketcap.com/static/img/coins/64x64/15664.png,18,0.18803203603783106,128415.67482252,19.2406,-0.07106896,-2.26122735,-2.73414991,-24.705202,-42.97674367,-54.90934448,0,0,188032036.04,2022-03-27T01:55:00Z,false,2022-03-27T01:56:50.293Z,2022-03-27T01:56:50.293Z,0
623fc46717f99988906aa36c,Krause,KRAUSE,0x9f6f91078a5072a8b54695dafa2374ab3ccd603b,623c7bc416dc4a608cd24b00,https://s2.coinmarketcap.com/static/img/coins/64x64/15310.png,18,0.7122813538415661,1254.128329,-82.54,0.26898009,-28.38516888,-12.24048211,44.90497364,45.01270041,-67.04382994,0,0,0,2022-03-27T01:55:00Z,false,2022-03-27T01:56:55.005Z,2022-03-27T01:56:55.005Z,0
623fc46817f99988906aa36f,Eden,EDN,0x89020f0d5c5af4f3407eb5fe185416c457b0e93e,623c7bc416dc4a608cd24b00,https://s2.coinmarketcap.com/static/img/coins/64x64/3305.png,18,0.005281122730666767,65156.81291892,-27.6675,-0.66501227,-1.13679043,6.89021718,84.83208174,85.9203736,54.36430991,3168673.63840006,0.0002,5281122.73,2022-03-27T01:55:00Z,false,2022-03-27T01:56:56.773Z,2022-03-27T01:56:56.773Z,0
623fc46d17f99988906aa372,Vesper,VSP,0x1b40183efb4dd766f11bda7a7c3ad8982e998421,623c7bc416dc4a608cd24b00,https://s2.coinmarketcap.com/static/img/coins/64x64/8492.png,18,2.552032415862706,157195.24915426,12.2351,0.16335721,3.77684879,27.37469732,16.62517612,-28.74799133,-37.80015372,22182142.814938832,0,25520324.16,2022-03-27T01:55:00Z,false,2022-03-27T01:57:01.301Z,2022-03-27T01:57:01.301Z,0
623fc47017f99988906aa375,1irstcoin,FST,0x310c93dfc1c5e34cdf51678103f63c41762089cd,623c7bc416dc4a608cd24b00,https://s2.coinmarketcap.com/static/img/coins/64x64/3840.png,18,0.012710022377821494,4657.39684068,-19.6716,-0.06673804,-34.16709923,-78.26919566,-38.83579335,-90.89773597,-92.10081405,504144.73007368005,0,1271002.24,2022-03-27T01:55:00Z,false,2022-03-27T01:57:04.778Z,2022-03-27T01:57:04.778Z,0
623fc47317f99988906aa378,NYM,NYM,0x525A8F6F3Ba4752868cde25164382BfbaE3990e1,623c7bc416dc4a608cd24b00,https://s2.coinmarketcap.com/static/img/coins/64x64/17591.png,18,0,,,,,,,,,,,,2022-03-27T01:57:07.241Z,false,2022-03-27T01:57:07.358Z,2022-03-27T01:57:07.358Z,0
623fc47817f99988906aa37b,Tracer DAO,TCR,0x9c4a4204b79dd291d6b6571c5be8bbcd0622f050,623c7bc416dc4a608cd24b00,https://s2.coinmarketcap.com/static/img/coins/64x64/12341.png,18,0.20780933327483084,1413659.30118568,4.1588,0.12875399,4.92156573,31.42266213,0.67296483,120.34036041,62.68684056,0,0,207809333.27,2022-03-27T01:55:00Z,false,2022-03-27T01:57:12.105Z,2022-03-27T01:57:12.105Z,0
623fc47c17f99988906aa380,Goldfinch,GFI,0xdab396ccf3d84cf2d07c4454e10c8a6f5b008d2b,623c7bc416dc4a608cd24b00,https://s2.coinmarketcap.com/static/img/coins/64x64/13967.png,18,3.0296984618062424,698164.54007069,-65.9772,-0.69400795,0.63238854,15.67409,45.09898052,-42.06449871,-54.64523261,15367363.785309019,0,346251251.91,2022-03-27T01:56:00Z,false,2022-03-27T01:57:16.341Z,2022-03-27T01:57:16.341Z,0
623fc47e17f99988906aa383,Bao Finance,BAO,0x374cb8c27130e2c9e04f44303f3c8351b9de61c1,623c7bc416dc4a608cd24b00,https://s2.coinmarketcap.com/static/img/coins/64x64/8168.png,18,0.00014528825374007358,38110.23902298,-48.6661,1.71379322,1.94219017,2.21032703,-7.85074684,-17.95051408,-57.46246011,4949458.108247591,0,81400791.47,2022-03-27T01:56:00Z,false,2022-03-27T01:57:18.386Z,2022-03-27T01:57:18.386Z,0
623fc48017f99988906aa386,WHALE,WHALE,0x9355372396e3F6daF13359B7b607a3374cc638e0,623c7bc416dc4a608cd24b00,https://s2.coinmarketcap.com/static/img/coins/64x64/6679.png,18,6.027744169389405,520615.01803509,-24.4138,-0.12679692,0.23334066,7.85992072,-4.96201576,-22.4039418,-59.19949014,46424561.03799895,0,60277441.69,2022-03-27T01:56:00Z,false,2022-03-27T01:57:20.186Z,2022-03-27T01:57:20.186Z,0
623fc48317f99988906aa389,Stake DAO,SDT,0x73968b9a57c6e53d41345fd57a6e6ae27d6cdb2f,623c7bc416dc4a608cd24b00,https://s2.coinmarketcap.com/static/img/coins/64x64/8299.png,18,1.021569729144543,35397.3177237,8.071,-0.93793061,1.08109254,-1.29152797,-5.48312693,-35.09826948,-47.4622602,723888.3963507396,0,42497300.73,2022-03-27T01:56:00Z,false,2022-03-27T01:57:23.599Z,2022-03-27T01:57:23.599Z,0
623fc48617f99988906aa38d,dForce,DF,0x431ad2ff6a9c365805ebad47ee021148d6f7dbe0,623c7bc416dc4a608cd24b00,https://s2.coinmarketcap.com/static/img/coins/64x64/4758.png,18,0.08130136790561146,1205094.87865006,-13.3559,0.35941911,2.42094352,8.05834935,8.48954957,-20.17891686,-36.55253747,33702423.57732368,0,81296081.45,2022-03-27T01:56:00Z,false,2022-03-27T01:57:26.976Z,2022-03-27T01:57:26.976Z,0
623fc48a17f99988906aa390,PathDAO,PATH,0x2a2550e0a75acec6d811ae3930732f7f3ad67588,623c7bc416dc4a608cd24b00,https://s2.coinmarketcap.com/static/img/coins/64x64/15588.png,18,0.030083326517910295,12997.9962679,-62.5459,0.22118364,-0.26411712,0.43364154,-20.57993271,-30.07329679,-76.57625929,0,0,30083326.52,2022-03-27T01:56:00Z,false,2022-03-27T01:57:30.095Z,2022-03-27T01:57:30.095Z,0
623fc48c17f99988906aa393,DFBTC,AOM,0x060924fb947e37eee230d0b1a71d9618aec269fc,623c7bc416dc4a608cd24b00,https://s2.coinmarketcap.com/static/img/coins/64x64/12298.png,18,0.445725730193581,0,0,-0.00155456,0.00023517,-1.99360735,-9.75309875,3.04448389,-47.16309884,0,0,93602403.34,2022-03-27T01:56:00Z,false,2022-03-27T01:57:32.904Z,2022-03-27T01:57:32.904Z,0
623fc49017f99988906aa396,B.Protocol,BPRO,0xbbbbbbb5aa847a2003fbc6b5c16df0bd1e725f61,623c7bc416dc4a608cd24b00,https://s2.coinmarketcap.com/static/img/coins/64x64/10556.png,18,3.934315739057015,127469.33905924,40.7984,0.15434135,-1.03697522,-2.00230172,-28.02225815,-32.17166593,-33.67301726,0,0,39343157.39,2022-03-27T01:56:00Z,false,2022-03-27T01:57:36.052Z,2022-03-27T01:57:36.052Z,0
623fc49317f99988906aa399,yAxis,YAXIS,0x0ada190c81b814548ddc2f6adc4a689ce7c1fe73,623c7bc416dc4a608cd24b00,https://s2.coinmarketcap.com/static/img/coins/64x64/7222.png,18,0.2566512968745173,5482.66588025,-22.411,0.26918072,-1.88777415,-24.62125591,-44.6523921,-75.02158383,-71.76961574,239172.4188866223,0,2823164.27,2022-03-27T01:56:00Z,false,2022-03-27T01:57:39.635Z,2022-03-27T01:57:39.635Z,0
623fc49617f99988906aa39d,FIATUM,FIAT,0x88cD0EA6D4b01ABb82De1361323F5D4e6FabB80B,623c7bc416dc4a608cd24b00,https://s2.coinmarketcap.com/static/img/coins/64x64/13253.png,18,0,,,,,,,,,,,,2022-03-27T01:57:42.828Z,false,2022-03-27T01:57:42.948Z,2022-03-27T01:57:42.948Z,0
623fc49817f99988906aa3a0,Indexed Finance,NDX,0x86772b1409b61c639eaac9ba0acfbb6e238e5f83,623c7bc416dc4a608cd24b00,https://s2.coinmarketcap.com/static/img/coins/64x64/8260.png,18,1.2767688453627137,2941.23109646,-76.0866,0.26918072,4.73795328,31.61543059,-14.21018717,179.8567381,47.63434206,1091383.285784893,0,12767688.45,2022-03-27T01:56:00Z,false,2022-03-27T01:57:44.712Z,2022-03-27T01:57:44.712Z,0
623fc49b17f99988906aa3a5,Premia,PREMIA,0x6399C842dD2bE3dE30BF99Bc7D1bBF6Fa3650E70,623c7bc416dc4a608cd24b00,https://s2.coinmarketcap.com/static/img/coins/64x64/8476.png,18,1.8578538483675497,867405.14089296,-29.7696,0.10235024,-0.95372276,46.13353563,25.85551055,-17.37654684,-43.29987779,0,0,185785384.84,2022-03-27T01:56:00Z,false,2022-03-27T01:57:47.946Z,2022-03-27T01:57:47.946Z,0
623fc49e17f99988906aa3a8,Giveth,GIV,0x900db999074d9277c5da2a43f252d74366230da0,623c7bc416dc4a608cd24b00,https://s2.coinmarketcap.com/static/img/coins/64x64/17207.png,18,0.3922040227755963,12522.13621803,47.371,0.42121284,10.27217814,0.69998459,-3.39064539,-12.40370843,-45.0540119,0,0,392204022.78,2022-03-27T01:56:00Z,false,2022-03-27T01:57:50.250Z,2022-03-27T01:57:50.250Z,0
623fc4a017f99988906aa3ab,Juicebox,JBX,0x3abf2a4f8452ccc2cf7b4c1e4663147600646f66,623c7bc416dc4a608cd24b00,https://s2.coinmarketcap.com/static/img/coins/64x64/15456.png,18,0.008691748724765781,211960.95618275,-24.2814,0.26122008,14.18634676,32.10994925,0.0677073,113.09966399,-29.24336938,0,0,10206497.13,2022-03-27T01:56:00Z,false,2022-03-27T01:57:52.019Z,2022-03-27T01:57:52.019Z,0
623fc4a217f99988906aa3ae,FairGame,FAIR,0x9b20dabcec77f6289113e61893f7beefaeb1990a,623c7bc416dc4a608cd24b00,https://s2.coinmarketcap.com/static/img/coins/64x64/2366.png,18,0.0037125677554845616,738628.63737263,-51.4708,0.4314563,0.70579992,3.41084824,-5.29441568,-6.84203967,-82.35695548,3564065.045265179,0.0002,4455081.31,2022-03-27T01:56:00Z,false,2022-03-27T01:57:54.082Z,2022-03-27T01:57:54.082Z,0
623fc4a517f99988906aa3b1,Ruler Protocol,RULER,0x2aECCB42482cc64E087b6D2e5Da39f5A7A7001f8,623c7bc416dc4a608cd24b00,https://s2.coinmarketcap.com/static/img/coins/64x64/8698.png,18,0.40920305770282,608.55020636,-89.5668,0.08229517,-5.79308682,-35.13104187,-98.14326533,-98.23694187,-98.27909426,1530.010232750844,0,409203.06,2021-09-17T15:08:06Z,false,2022-03-27T01:57:57.217Z,2022-03-27T01:57:57.217Z,0
623fc4aa17f99988906aa3b5,Adventure Gold,AGLD,0x32353a6c91143bfd6c7d363b546e62a9a2489a20,623c7bc416dc4a608cd24b00,https://s2.coinmarketcap.com/static/img/coins/64x64/11568.png,18,1.698914462387357,12590757.75868426,-32.8751,0.29794712,2.63308124,18.18185851,35.44702379,107.44419141,-26.30466764,119212829.52463531,0.0059,119212829.52,2022-03-27T01:56:00Z,false,2022-03-27T01:58:02.510Z,2022-03-27T01:58:02.510Z,0
623fc4ad17f99988906aa3b8,MetaGaming Guild,MGG,0x7237c0b30b1355f1b76355582f182f6f04b08740,623c7bc416dc4a608cd24b00,https://s2.coinmarketcap.com/static/img/coins/64x64/14888.png,18,0.062214044448672505,46281.7711235,-53.5906,0.00507719,0.74431909,6.07230327,9.04283093,-59.3527024,-59.3527024,0,0,62214044.45,2022-03-27T01:56:00Z,false,2022-03-27T01:58:05.112Z,2022-03-27T01:58:05.112Z,0
623fc4b017f99988906aa3bc,Litentry,LIT,0xb59490ab09a0f526cc7305822ac65f2ab12f9723,623c7bc416dc4a608cd24b00,https://s2.coinmarketcap.com/static/img/coins/64x64/6833.png,18,1.44436935853742,10328535.85990722,-23.1803,0.9407815,6.56424043,13.14048762,16.97779051,-4.58244235,-57.77030513,50363384.95111855,0.0025,144436935.85,2022-03-27T01:56:00Z,false,2022-03-27T01:58:08.375Z,2022-03-27T01:58:08.375Z,0
623fc4b217f99988906aa3bf,Axl Inu,AXL,0x25b24b3c47918b7962b3e49c4f468367f73cc0e0,623c7bc416dc4a608cd24b00,https://s2.coinmarketcap.com/static/img/coins/64x64/15853.png,18,0.0003299919415432695,801361.14092299,14.6139,-0.69028321,7.25386267,15.69997913,16.03550868,-22.77501595,-91.3729118,0,0,32999194.15,2022-03-27T01:56:00Z,false,2022-03-27T01:58:10.689Z,2022-03-27T01:58:10.689Z,0
623fc4b617f99988906aa3c2,Dfyn Network,DFYN,0x9695e0114e12c0d3a3636fab5a18e6b737529023,623c7bc416dc4a608cd24b00,https://s2.coinmarketcap.com/static/img/coins/64x64/9511.png,18,0.09161775644588292,664193.49656401,-18.9367,-0.00625021,-2.55856808,0.03072182,4.09757787,-48.22534024,-58.71293887,8842874.756777618,0,22904439.11,2022-03-27T01:57:00Z,false,2022-03-27T01:58:14.275Z,2022-03-27T01:58:14.275Z,0
623fc4b817f99988906aa3c6,APY.Finance,APY,0x95a4492F028aa1fd432Ea71146b433E7B4446611,623c7bc416dc4a608cd24b00,https://s2.coinmarketcap.com/static/img/coins/64x64/7227.png,18,0.1339908165887871,94007.68757565,-25.3867,0.60678602,2.05429482,14.10079407,40.87412943,-14.10495985,-57.20345912,8002714.908748992,0,13399081.66,2022-03-27T01:57:00Z,false,2022-03-27T01:58:16.829Z,2022-03-27T01:58:16.829Z,0
623fc4bc17f99988906aa3c9,Opium,OPIUM,0x888888888889c00c67689029d7856aac1065ec11,623c7bc416dc4a608cd24b00,https://s2.coinmarketcap.com/static/img/coins/64x64/7230.png,18,0.5296186900499199,78280.22099784,-12.247,0.19059696,-0.48822187,-1.46217028,-11.60265115,-50.39200977,-69.58876818,2203851.411510487,0.0001,52961869,2022-03-27T01:57:00Z,false,2022-03-27T01:58:20.638Z,2022-03-27T01:58:20.638Z,0
623fc4c017f99988906aa3cc,ShineDAO,SHN,0x1c7ede23b1361acc098a1e357c9085d131b34a01,623c7bc416dc4a608cd24b00,https://s2.coinmarketcap.com/static/img/coins/64x64/14857.png,18,0.0071534840693829906,0,0,0.26832085,1.53695752,-3.52784125,-13.59061378,-22.65735971,-51.42554168,0,0,715348.41,2022-03-27T01:57:00Z,false,2022-03-27T01:58:24.205Z,2022-03-27T01:58:24.205Z,0
623fc4c317f99988906aa3cf,DeversiFi,DVF,0xdddddd4301a082e62e84e43f474f044423921918,623c7bc416dc4a608cd24b00,https://s2.coinmarketcap.com/static/img/coins/64x64/10759.png,18,4.842857995088877,1828672.94587547,6.0387,-0.11824647,-1.75447029,-5.75746946,-15.37635307,-18.86153388,-37.39506029,116941207.27474697,0,484285799.51,2022-03-27T01:57:00Z,false,2022-03-27T01:58:27.222Z,2022-03-27T01:58:27.222Z,0
623fc4c717f99988906aa3d3,KeeperDAO,ROOK,0xfa5047c9c78b8877af97bdcb85db743fd7313d4a,623c7bc416dc4a608cd24b00,https://s2.coinmarketcap.com/static/img/coins/64x64/7678.png,18,118.89283783828259,214836.64931948,-69.691,0.04298624,1.10841949,1.1264177,42.67691693,13.94253322,-38.33380238,73432538.19217896,0,178339256.76,2022-03-27T01:57:00Z,false,2022-03-27T01:58:31.592Z,2022-03-27T01:58:31.592Z,0
623fc4ca17f99988906aa3d7,Avocado DAO Token,AVG,0xa41f142b6eb2b164f8164cae0716892ce02f311f,623c7bc416dc4a608cd24b00,https://s2.coinmarketcap.com/static/img/coins/64x64/16543.png,18,0.7044564955681606,410801.4164943,98.7033,-0.22421983,-4.85053515,9.43334602,11.42590388,-19.61051935,-32.73783643,0,0,704456495.57,2022-03-27T01:57:00Z,false,2022-03-27T01:58:34.793Z,2022-03-27T01:58:34.793Z,0
623fc4ce17f99988906aa3db,DexKit,KIT,0x7866e48c74cbfb8183cd1a929cd9b95a7a5cb4f4,623c7bc416dc4a608cd24b00,https://s2.coinmarketcap.com/static/img/coins/64x64/7739.png,18,0.7644223951477206,661.45038595,-58.9089,0.26832085,1.71381113,6.40185397,6.33921319,7.48656915,-35.47552887,610695.5226387237,0,7644223.95,2022-03-27T01:57:00Z,false,2022-03-27T01:58:38.254Z,2022-03-27T01:58:38.254Z,0
623fc4d317f99988906aa3de,Liquid Swap,LQD,0x7fe8dac51394157811c71bbf74c133a224a9ff44,623c7bc416dc4a608cd24b00,https://s2.coinmarketcap.com/static/img/coins/64x64/17798.png,18,0.005256684105356637,100.09952999,0,0.26832085,1.39175057,-7.53821389,-4.89581842,-90.8343585,-90.8343585,0,0,0,2022-03-27T01:57:00Z,false,2022-03-27T01:58:43.623Z,2022-03-27T01:58:43.623Z,0
623fc4d917f99988906aa3e4,Pantos,PAN,0x536381a8628dbcc8c70ac9a30a7258442eab4c92,623c7bc416dc4a608cd24b00,https://s2.coinmarketcap.com/static/img/coins/64x64/5924.png,18,0.14189772555015878,1945.89949458,-97.9421,0,0.04707212,6.77585271,19.87841892,20.30346426,23.26700481,0,0,141897725.55,2022-03-27T01:57:00Z,false,2022-03-27T01:58:49.529Z,2022-03-27T01:58:49.529Z,0
623fc4df17f99988906aa3e9,Rotten,ROT,0xD04785C4d8195e4A54d9dEc3a9043872875ae9E2,623c7bc416dc4a608cd24b00,https://s2.coinmarketcap.com/static/img/coins/64x64/7164.png,18,0.002468368720434228,0,0,0.60555821,3.57134588,-13.79692172,16.119579,-16.19755266,-6.8143904,307281.00156193,0,307281,2021-11-21T18:22:12Z,false,2022-03-27T01:58:55.803Z,2022-03-27T01:58:55.803Z,0
623fc4e817f99988906aa3ee,UniWhales,UWL,0xdbdd6f355a37b94e6c7d32fef548e98a280b8df5,623c7bc416dc4a608cd24b00,https://s2.coinmarketcap.com/static/img/coins/64x64/7727.png,18,0.6724669460495506,0,-100,0.26832085,1.53695752,12.24460208,17.09570286,17.52553412,-33.48886777,0,0,6724669.46,2022-03-27T01:57:00Z,false,2022-03-27T01:59:04.282Z,2022-03-27T01:59:04.282Z,0
623fc4ea17f99988906aa3f1,Pendle,PENDLE,0x808507121b80c02388fad14726482e061b8da827,623c7bc416dc4a608cd24b00,https://s2.coinmarketcap.com/static/img/coins/64x64/9481.png,18,0.1620056531071201,512043.57362268,-44.9023,-0.17912649,0.37065508,-7.58357238,-16.05589876,-45.27890232,-42.34680139,17609011.990549527,0,40673321.36,2022-03-27T01:57:00Z,false,2022-03-27T01:59:06.021Z,2022-03-27T01:59:06.021Z,0
623fc4ec17f99988906aa3f4,Daneel,DAN,0x9b70740e708a083c6ff38df52297020f5dfaa5ee,623c7bc416dc4a608cd24b00,https://s2.coinmarketcap.com/static/img/coins/64x64/2656.png,18,0.0008506187904,0,0,0.75613908,5.17398928,9.44229977,0,0,0,17218.530076803763,0,0,2020-10-23T03:17:36Z,false,2022-03-27T01:59:08.259Z,2022-03-27T01:59:08.259Z,0
623fc4ee17f99988906aa3f7,Creator Cabins,CABIN,0x1934e252f840aa98dfce2b6205b3e45c41aef830,623c7bc416dc4a608cd24b00,https://s2.coinmarketcap.com/static/img/coins/64x64/18317.png,18,15.195390847954368,0,0,0,0,0,12.65995518,3.81098466,3.81098466,0,0,15195390.85,2022-03-26T18:31:00Z,false,2022-03-27T01:59:10.517Z,2022-03-27T01:59:10.517Z,0
623fc4f017f99988906aa3fa,Muse,MUSE,0xb6ca7399b4f9ca56fc27cbff44f4d2e4eef1fc81,623c7bc416dc4a608cd24b00,https://s2.coinmarketcap.com/static/img/coins/64x64/7805.png,18,25.094815043850108,279739.18054754,270.465,0.10328886,5.26398219,22.72820198,27.79909954,4.72563139,-4.54526978,12762068.569810148,0,12762068.57,2022-03-27T01:57:00Z,false,2022-03-27T01:59:12.679Z,2022-03-27T01:59:12.679Z,0
623fc4f417f99988906aa3fd,Riot Racers,RIOT,0xf56408077487cb879c992909c5b5c66d68c02eb4,623c7bc416dc4a608cd24b00,https://s2.coinmarketcap.com/static/img/coins/64x64/12951.png,18,0.22312011287422298,1613.82302159,47.9742,0.09772016,0.43510933,1.25091481,-17.4338897,-20.14869586,-50.95762837,0,0,55780028.22,2022-03-27T01:58:00Z,false,2022-03-27T01:59:16.874Z,2022-03-27T01:59:16.874Z,0
623fc4f717f99988906aa400,Degenerator Meme,MEME,0xd5525d397898e5502075ea5e830d8914f6f0affe,623c7bc416dc4a608cd24b00,https://s2.coinmarketcap.com/static/img/coins/64x64/6597.png,18,258.6933150670272,115039.86565324,-26.512,-0.42308171,-7.89903387,-10.97532837,14.77500816,-0.26265835,-59.7781515,7243412.8218767615,0,7243412.82,2022-03-27T01:58:00Z,false,2022-03-27T01:59:19.794Z,2022-03-27T01:59:19.794Z,0
623fc4fe17f99988906aa407,Volatility Protocol Token,VOL,0x5166E09628b696285E3A151e84FB977736a83575,623c7bc416dc4a608cd24b00,https://s2.coinmarketcap.com/static/img/coins/64x64/10424.png,18,0.05900956433602881,5595.73078039,871.6544,0.09772016,-2.27221246,-3.80337127,-10.07135298,-33.03920426,-77.09353662,0,0,0,2022-03-27T01:58:00Z,false,2022-03-27T01:59:26.092Z,2022-03-27T01:59:26.092Z,0
623fc50117f99988906aa40a,Kyber Network Crystal v2,KNC,0xdeFA4e8a7bcBA345F687a2f1456F5Edd9CE97202,623c7bc416dc4a608cd24b00,https://s2.coinmarketcap.com/static/img/coins/64x64/9444.png,18,3.0941675024270685,45914441.91357231,-40.7244,-0.09891295,-2.76655968,-5.18676657,70.76497223,80.14353645,121.32678169,550171910.9438201,0.0272,550171910.94,2022-03-27T01:58:00Z,false,2022-03-27T01:59:29.026Z,2022-03-27T01:59:29.026Z,0
623fc50417f99988906aa40e,Tokenlon Network Token,LON,0x0000000000095413afc295d19edeb1ad7b71c952,623c7bc416dc4a608cd24b00,https://s2.coinmarketcap.com/static/img/coins/64x64/8083.png,18,0.9936195483132061,2759856.14859478,-3.5576,-0.12443918,2.62345477,2.87196204,-5.30150254,-8.59849025,-40.78597232,44275055.84256472,0,198723909.66,2022-03-27T01:58:00Z,false,2022-03-27T01:59:32.523Z,2022-03-27T01:59:32.523Z,0
623fc50617f99988906aa411,SBank,STS,0x4c14114c107d6374ec31981f5f6cc27a13e22f9a,623c7bc416dc4a608cd24b00,https://s2.coinmarketcap.com/static/img/coins/64x64/5039.png,18,0.00454309238299195,0,0,0.10811642,-1.091541,-0.89597655,5.76603025,-48.13877722,-68.86408486,66556.30340629067,0,227154.62,2022-03-27T01:58:00Z,false,2022-03-27T01:59:34.242Z,2022-03-27T01:59:34.242Z,0
623fc50c17f99988906aa415,Portion,PRT,0x6D0F5149c502faf215C89ab306ec3E50b15e2892,623c7bc416dc4a608cd24b00,https://s2.coinmarketcap.com/static/img/coins/64x64/7348.png,18,0.009805805983880542,10583.4369662,-84.0354,0.09564307,-1.76284082,-1.44873268,42.78465995,11.94014558,-15.22081173,4552874.16687665,0,14708708.98,2022-03-27T01:58:00Z,false,2022-03-27T01:59:40.153Z,2022-03-27T01:59:40.153Z,0
623fc51017f99988906aa419,MeebitsDAO Pool,MBBT,0x4eE4f96838454E67Fce92B2c53b0f1a97D047179,623c7bc416dc4a608cd24b00,https://s2.coinmarketcap.com/static/img/coins/64x64/15276.png,18,9.094205775372018,90.88658855,0,0.09772016,1.13307819,12.74368811,83.28627332,34.33629865,-42.55495051,0,0,909420.58,2022-03-27T01:58:00Z,false,2022-03-27T01:59:44.792Z,2022-03-27T01:59:44.792Z,0
623fc51217f99988906aa41c,Dog Collar,COLLAR,0x9783b81438c24848f85848f8df31845097341771,623c7bc416dc4a608cd24b00,https://s2.coinmarketcap.com/static/img/coins/64x64/12516.png,18,1.2517666425545878e-8,13569.49448084,134.6385,0.20156639,8.59531442,8.88722518,-8.4558047,-41.16424888,-54.07000622,0,0,6258833.21,2022-03-27T01:58:00Z,false,2022-03-27T01:59:46.493Z,2022-03-27T01:59:46.493Z,0
623fc51417f99988906aa41f,Civilization,CIV,0x37fe0f067fa808ffbdd12891c0858532cfe7361d,623c7bc416dc4a608cd24b00,https://s2.coinmarketcap.com/static/img/coins/64x64/11345.png,18,0.09524610474731773,1008678.3240638,20.0536,0.13227399,8.35767861,1.52453126,-0.87229109,-23.24350087,-8.78218763,28573831.42419532,0,28562681.92,2022-03-27T01:58:00Z,false,2022-03-27T01:59:48.241Z,2022-03-27T01:59:48.241Z,0
623fc51817f99988906aa423,Quidd,QUIDD,0xDA9FDAb21bC4A5811134A6E0Ba6CA06624e67c07,623c7bc416dc4a608cd24b00,https://s2.coinmarketcap.com/static/img/coins/64x64/12070.png,18,0.39811230532727937,91869.80668899,-96.8152,0.17254955,2.24530916,11.89918595,-9.67954802,-32.30332839,-79.70578115,0,0,398112305.33,2022-03-27T01:58:00Z,false,2022-03-27T01:59:52.123Z,2022-03-27T01:59:52.123Z,0
623fc51a17f99988906aa426,BlackPool,BPT,0x0eC9F76202a7061eB9b3a7D6B59D36215A7e37da,623c7bc416dc4a608cd24b00,https://s2.coinmarketcap.com/static/img/coins/64x64/10402.png,18,2.812438756340003,18442.24548696,-64.6983,1.39885904,-1.28797891,-5.48447994,-0.31124986,-30.78848836,-58.33205808,0,0,281243875.63,2022-03-27T01:58:00Z,false,2022-03-27T01:59:54.170Z,2022-03-27T01:59:54.170Z,0
623fc51e17f99988906aa429,ARC Governance,ARCX,0x1321f1f1aa541a56c31682c57b80ecfccd9bb288,623c7bc416dc4a608cd24b00,https://s2.coinmarketcap.com/static/img/coins/64x64/10515.png,18,0.11855032301188638,1217.62941508,-54.3378,0.09770344,0.2385038,3.64622487,-27.37910163,-32.6554365,-57.60115005,0,0,11855032.3,2022-03-27T01:58:00Z,false,2022-03-27T01:59:58.549Z,2022-03-27T01:59:58.549Z,0
623fc52217f99988906aa42c,Phantasma,SOUL,0x79c75e2e8720b39e258f41c37cc4f309e0b0ff80,623c7bc416dc4a608cd24b00,https://s2.coinmarketcap.com/static/img/coins/64x64/2827.png,18,1.129460070137744,1007732.43720084,-17.317,0.18723361,0.14705193,-2.25616135,-10.91398856,-33.69500041,-52.85831369,117814043.165832,0.0058,117814043.17,2022-03-27T01:58:00Z,false,2022-03-27T02:00:02.018Z,2022-03-27T02:00:02.018Z,0
623fc52617f99988906aa42f,DivineDAO,DIVINE,0xb5e09e6bf6a5e96934b3fd99a40f7edaca1173ed,623c7bc416dc4a608cd24b00,https://s2.coinmarketcap.com/static/img/coins/64x64/12913.png,18,0.05675402655109688,574.94280098,0,0.09772016,0.84631308,14.58948218,-8.64787827,1.39457089,-55.51229617,0,0,6265644.53,2022-03-27T01:58:00Z,false,2022-03-27T02:00:06.785Z,2022-03-27T02:00:06.785Z,0
